Subject, Start Date, Start Time, End Date, End Time, All Day Event 
燃やすごみ,2013/4/2,00:00:00,,,True
燃やすごみ,2013/4/9,00:00:00,,,True
燃やすごみ,2013/4/16,00:00:00,,,True
燃やすごみ,2013/4/23,00:00:00,,,True
燃やすごみ,2013/4/30,00:00:00,,,True
燃やすごみ,2013/4/5,00:00:00,,,True
燃やすごみ,2013/4/12,00:00:00,,,True
燃やすごみ,2013/4/19,00:00:00,,,True
燃やすごみ,2013/4/26,00:00:00,,,True
燃やすごみ,2013/5/7,00:00:00,,,True
燃やすごみ,2013/5/14,00:00:00,,,True
燃やすごみ,2013/5/21,00:00:00,,,True
燃やすごみ,2013/5/28,00:00:00,,,True
燃やすごみ,2013/5/3,00:00:00,,,True
燃やすごみ,2013/5/10,00:00:00,,,True
燃やすごみ,2013/5/17,00:00:00,,,True
燃やすごみ,2013/5/24,00:00:00,,,True
燃やすごみ,2013/5/31,00:00:00,,,True
燃やすごみ,2013/6/4,00:00:00,,,True
燃やすごみ,2013/6/11,00:00:00,,,True
燃やすごみ,2013/6/18,00:00:00,,,True
燃やすごみ,2013/6/25,00:00:00,,,True
燃やすごみ,2013/6/7,00:00:00,,,True
燃やすごみ,2013/6/14,00:00:00,,,True
燃やすごみ,2013/6/21,00:00:00,,,True
燃やすごみ,2013/6/28,00:00:00,,,True
燃やすごみ,2013/7/2,00:00:00,,,True
燃やすごみ,2013/7/9,00:00:00,,,True
燃やすごみ,2013/7/16,00:00:00,,,True
燃やすごみ,2013/7/23,00:00:00,,,True
燃やすごみ,2013/7/30,00:00:00,,,True
燃やすごみ,2013/7/5,00:00:00,,,True
燃やすごみ,2013/7/12,00:00:00,,,True
燃やすごみ,2013/7/19,00:00:00,,,True
燃やすごみ,2013/7/26,00:00:00,,,True
燃やすごみ,2013/8/6,00:00:00,,,True
燃やすごみ,2013/8/13,00:00:00,,,True
燃やすごみ,2013/8/20,00:00:00,,,True
燃やすごみ,2013/8/27,00:00:00,,,True
燃やすごみ,2013/8/2,00:00:00,,,True
燃やすごみ,2013/8/9,00:00:00,,,True
燃やすごみ,2013/8/16,00:00:00,,,True
燃やすごみ,2013/8/23,00:00:00,,,True
燃やすごみ,2013/8/30,00:00:00,,,True
燃やすごみ,2013/9/3,00:00:00,,,True
燃やすごみ,2013/9/10,00:00:00,,,True
燃やすごみ,2013/9/17,00:00:00,,,True
燃やすごみ,2013/9/24,00:00:00,,,True
燃やすごみ,2013/9/6,00:00:00,,,True
燃やすごみ,2013/9/13,00:00:00,,,True
燃やすごみ,2013/9/20,00:00:00,,,True
燃やすごみ,2013/9/27,00:00:00,,,True
燃やすごみ,2013/10/1,00:00:00,,,True
燃やすごみ,2013/10/8,00:00:00,,,True
燃やすごみ,2013/10/15,00:00:00,,,True
燃やすごみ,2013/10/22,00:00:00,,,True
燃やすごみ,2013/10/29,00:00:00,,,True
燃やすごみ,2013/10/4,00:00:00,,,True
燃やすごみ,2013/10/11,00:00:00,,,True
燃やすごみ,2013/10/18,00:00:00,,,True
燃やすごみ,2013/10/25,00:00:00,,,True
燃やすごみ,2013/11/5,00:00:00,,,True
燃やすごみ,2013/11/12,00:00:00,,,True
燃やすごみ,2013/11/19,00:00:00,,,True
燃やすごみ,2013/11/26,00:00:00,,,True
燃やすごみ,2013/11/1,00:00:00,,,True
燃やすごみ,2013/11/8,00:00:00,,,True
燃やすごみ,2013/11/15,00:00:00,,,True
燃やすごみ,2013/11/22,00:00:00,,,True
燃やすごみ,2013/11/29,00:00:00,,,True
燃やすごみ,2014/1/7,00:00:00,,,True
燃やすごみ,2014/1/14,00:00:00,,,True
燃やすごみ,2014/1/21,00:00:00,,,True
燃やすごみ,2014/1/28,00:00:00,,,True
燃やすごみ,2014/1/3,00:00:00,,,True
燃やすごみ,2014/1/10,00:00:00,,,True
燃やすごみ,2014/1/17,00:00:00,,,True
燃やすごみ,2014/1/24,00:00:00,,,True
燃やすごみ,2014/1/31,00:00:00,,,True
燃やすごみ,2014/2/4,00:00:00,,,True
燃やすごみ,2014/2/11,00:00:00,,,True
燃やすごみ,2014/2/18,00:00:00,,,True
燃やすごみ,2014/2/25,00:00:00,,,True
燃やすごみ,2014/2/7,00:00:00,,,True
燃やすごみ,2014/2/14,00:00:00,,,True
燃やすごみ,2014/2/21,00:00:00,,,True
燃やすごみ,2014/2/28,00:00:00,,,True
燃やすごみ,2014/3/4,00:00:00,,,True
燃やすごみ,2014/3/11,00:00:00,,,True
燃やすごみ,2014/3/18,00:00:00,,,True
燃やすごみ,2014/3/25,00:00:00,,,True
燃やすごみ,2014/3/7,00:00:00,,,True
燃やすごみ,2014/3/14,00:00:00,,,True
燃やすごみ,2014/3/21,00:00:00,,,True
燃やすごみ,2014/3/28,00:00:00,,,True
燃やさないごみ,2013/4/10,00:00:00,,,True
燃やさないごみ,2013/5/8,00:00:00,,,True
燃やさないごみ,2013/6/12,00:00:00,,,True
燃やさないごみ,2013/7/10,00:00:00,,,True
燃やさないごみ,2013/8/14,00:00:00,,,True
燃やさないごみ,2013/9/11,00:00:00,,,True
燃やさないごみ,2013/10/9,00:00:00,,,True
燃やさないごみ,2013/11/13,00:00:00,,,True
燃やさないごみ,2013/12/11,00:00:00,,,True
燃やさないごみ,2014/1/15,00:00:00,,,True
燃やさないごみ,2014/2/12,00:00:00,,,True
燃やさないごみ,2014/3/12,00:00:00,,,True
資源,2013/4/1,00:00:00,,,True
資源,2013/4/15,00:00:00,,,True
資源,2013/5/6,00:00:00,,,True
資源,2013/5/20,00:00:00,,,True
資源,2013/6/3,00:00:00,,,True
資源,2013/6/17,00:00:00,,,True
資源,2013/7/1,00:00:00,,,True
資源,2013/7/15,00:00:00,,,True
資源,2013/8/5,00:00:00,,,True
資源,2013/8/19,00:00:00,,,True
資源,2013/9/2,00:00:00,,,True
資源,2013/9/16,00:00:00,,,True
資源,2013/10/7,00:00:00,,,True
資源,2013/10/21,00:00:00,,,True
資源,2013/11/4,00:00:00,,,True
資源,2013/11/18,00:00:00,,,True
資源,2013/12/2,00:00:00,,,True
資源,2013/12/16,00:00:00,,,True
資源,2014/1/6,00:00:00,,,True
資源,2014/1/20,00:00:00,,,True
資源,2014/2/3,00:00:00,,,True
資源,2014/2/17,00:00:00,,,True
資源,2014/3/3,00:00:00,,,True
資源,2014/3/17,00:00:00,,,True
びん,2013/4/24,00:00:00,,,True
びん,2013/5/22,00:00:00,,,True
びん,2013/6/26,00:00:00,,,True
びん,2013/7/24,00:00:00,,,True
びん,2013/8/28,00:00:00,,,True
びん,2013/9/25,00:00:00,,,True
びん,2013/10/23,00:00:00,,,True
びん,2013/11/27,00:00:00,,,True
びん,2013/12/25,00:00:00,,,True
びん,2014/1/29,00:00:00,,,True
びん,2014/2/26,00:00:00,,,True
びん,2014/3/26,00:00:00,,,True
